,precision,recall,f1-score,support
cardboard,1.0,0.9552238805970149,0.9770992366412213,268.0
glass,0.9100817438692098,0.9823529411764705,0.9448373408769448,340.0
metal,0.9461279461279462,0.972318339100346,0.9590443686006825,289.0
paper,0.972027972027972,0.9834905660377359,0.977725674091442,424.0
plastic,0.9936305732484076,0.8914285714285715,0.9397590361445783,350.0
trash,0.9047619047619048,0.979381443298969,0.9405940594059405,97.0
accuracy,0.958710407239819,0.958710407239819,0.958710407239819,0.958710407239819
macro avg,0.9544383566725735,0.9606992902731847,0.9565099526268016,1768.0
weighted avg,0.960707712039149,0.958710407239819,0.9586991437055179,1768.0
